,source_url,img_url,0,1
0,,,https://sethlui.com/545-whampoa-prawn-noodles-prawn-noodles-singapore/,http://sethlui.com/wp-content/uploads/2019/05/Whampoa-Prawn-Noodles-1-800x533.jpg
0,,,https://sethlui.com/chin-choon-prawn-noodle-singapore/,https://sethlui.com/wp-content/uploads/2022/10/20210602123753_IMG_1824-800x517.jpg
1,,,https://sethlui.com/545-whampoa-prawn-noodles-prawn-noodles-singapore/,http://sethlui.com/wp-content/uploads/2019/05/Whampoa-Prawn-Noodles-2-e1559296605879-800x450.jpg
1,,,https://sethlui.com/chin-choon-prawn-noodle-singapore/,https://sethlui.com/wp-content/uploads/2022/10/20210602124353_IMG_1828-800x533.jpg
10,,,https://sethlui.com/chin-choon-prawn-noodle-singapore/,https://sethlui.com/wp-content/uploads/2022/10/20210602124615_IMG_1836-800x533.jpg
100,,,https://sethlui.com/fei-lou-fatt-singapore-feb-2022/,https://sethlui.com/wp-content/uploads/2022/02/Fei-Lou-Fatt_4.jpg
101,,,https://sethlui.com/fei-lou-fatt-singapore-feb-2022/,https://sethlui.com/wp-content/uploads/2022/02/Lok-Lok-e1644309805976.jpg
102,,,https://sethlui.com/ah-lipp-famous-penang-prawn-noodles-singapore/,http://sethlui.com/wp-content/uploads/2018/06/Ah-Lipp-Famous-Penang-Prawn-Noodles-20.jpg
103,,,https://sethlui.com/ah-lipp-famous-penang-prawn-noodles-singapore/,http://sethlui.com/wp-content/uploads/2018/06/Ah-Lipp-Famous-Penang-Prawn-Noodles-1.jpg
104,,,https://sethlui.com/ah-lipp-famous-penang-prawn-noodles-singapore/,http://sethlui.com/wp-content/uploads/2018/06/Ah-Lipp-Famous-Penang-Prawn-Noodles-11.jpg
105,,,https://sethlui.com/ah-lipp-famous-penang-prawn-noodles-singapore/,http://sethlui.com/wp-content/uploads/2018/06/Ah-Lipp-Famous-Penang-Prawn-Noodles-3.jpg
106,,,https://sethlui.com/ah-lipp-famous-penang-prawn-noodles-singapore/,http://sethlui.com/wp-content/uploads/2018/06/Ah-Lipp-Famous-Penang-Prawn-Noodles-4.jpg
107,,,https://sethlui.com/abang-dol-golden-mile-singapore-nov-2021/,https://sethlui.com/wp-content/uploads/2021/11/abangdol1.jpg
107,,,https://sethlui.com/ah-lipp-famous-penang-prawn-noodles-singapore/,http://sethlui.com/wp-content/uploads/2018/06/Ah-Lipp-Famous-Penang-Prawn-Noodles-2.jpg
108,,,https://sethlui.com/abang-dol-golden-mile-singapore-nov-2021/,https://sethlui.com/wp-content/uploads/2021/11/abangdol2.jpg
108,,,https://sethlui.com/ah-lipp-famous-penang-prawn-noodles-singapore/,http://sethlui.com/wp-content/uploads/2018/06/Ah-Lipp-Famous-Penang-Prawn-Noodles-5.jpg
109,,,https://sethlui.com/abang-dol-golden-mile-singapore-nov-2021/,https://sethlui.com/wp-content/uploads/2021/11/abangdol3.jpg
109,,,https://sethlui.com/ah-lipp-famous-penang-prawn-noodles-singapore/,http://sethlui.com/wp-content/uploads/2018/06/Ah-Lipp-Famous-Penang-Prawn-Noodles-10.jpg
11,,,https://sethlui.com/chin-choon-prawn-noodle-singapore/,https://sethlui.com/wp-content/uploads/2022/10/20210602131519_IMG_1865-800x533.jpg
110,,,https://sethlui.com/ah-lipp-famous-penang-prawn-noodles-singapore/,http://sethlui.com/wp-content/uploads/2018/06/Ah-Lipp-Famous-Penang-Prawn-Noodles-13.jpg
111,,,https://sethlui.com/ah-lipp-famous-penang-prawn-noodles-singapore/,http://sethlui.com/wp-content/uploads/2018/06/Ah-Lipp-Famous-Penang-Prawn-Noodles-17.jpg
112,,,https://sethlui.com/ah-lipp-famous-penang-prawn-noodles-singapore/,http://sethlui.com/wp-content/uploads/2018/06/Ah-Lipp-Famous-Penang-Prawn-Noodles-12.jpg
113,,,https://sethlui.com/ah-lipp-famous-penang-prawn-noodles-singapore/,http://sethlui.com/wp-content/uploads/2018/06/Ah-Lipp-Famous-Penang-Prawn-Noodles-18.jpg
114,,,https://sethlui.com/ah-lipp-famous-penang-prawn-noodles-singapore/,http://sethlui.com/wp-content/uploads/2018/06/Ah-Lipp-Famous-Penang-Prawn-Noodles-19.jpg
115,,,https://sethlui.com/ah-lipp-famous-penang-prawn-noodles-singapore/,http://sethlui.com/wp-content/uploads/2018/06/Ah-Lipp-Famous-Penang-Prawn-Noodles-16.jpg
117,,,https://sethlui.com/prawn-noodle-bar-singapore/,https://sethlui.com/wp-content/uploads/2020/10/Prawn-noodle-bar-1.jpg
118,,,https://sethlui.com/prawn-noodle-bar-singapore/,https://sethlui.com/wp-content/uploads/2020/10/Prawn-noodle-bar-2.jpg
119,,,https://sethlui.com/prawn-noodle-bar-singapore/,https://sethlui.com/wp-content/uploads/2020/10/Prawn-noodle-bar-3.jpg
12,,,https://sethlui.com/blanco-court-prawn-mee-prawn-noodle-singapore/,http://sethlui.com/wp-content/uploads/2019/03/Blanco-Court-Prawn-Mee-1.jpg
120,,,https://sethlui.com/prawn-noodle-bar-singapore/,https://sethlui.com/wp-content/uploads/2020/10/Prawn-noodle-bar-5.jpg
121,,,https://sethlui.com/newton-tian-xiang-big-prawn-noodle-singapore/,http://sethlui.com/wp-content/uploads/2017/09/newton-food-centre-interior-arrival-800x533.jpg
121,,,https://sethlui.com/prawn-noodle-bar-singapore/,https://sethlui.com/wp-content/uploads/2020/10/Prawn-noodle-bar-6.jpg
122,,,https://sethlui.com/newton-tian-xiang-big-prawn-noodle-singapore/,http://sethlui.com/wp-content/uploads/2017/09/newton-food-centre-stalls-800x533.jpg
122,,,https://sethlui.com/prawn-noodle-bar-singapore/,https://sethlui.com/wp-content/uploads/2020/10/Prawn-noodle-bar-12.jpg
123,,,https://sethlui.com/newton-tian-xiang-big-prawn-noodle-singapore/,http://sethlui.com/wp-content/uploads/2017/09/newton-prawn-noodle-store-close-up-800x533.jpg
123,,,https://sethlui.com/prawn-noodle-bar-singapore/,https://sethlui.com/wp-content/uploads/2020/10/Prawn-noodle-bar-7.jpg
124,,,https://sethlui.com/newton-tian-xiang-big-prawn-noodle-singapore/,http://sethlui.com/wp-content/uploads/2017/09/noodle-selection-800x533.jpg
124,,,https://sethlui.com/prawn-noodle-bar-singapore/,https://sethlui.com/wp-content/uploads/2020/10/Prawn-noodle-bar-11.jpg
125,,,https://sethlui.com/newton-tian-xiang-big-prawn-noodle-singapore/,http://sethlui.com/wp-content/uploads/2017/09/prawn-noodle-flatlay-800x533.jpg
125,,,https://sethlui.com/prawn-noodle-bar-singapore/,https://sethlui.com/wp-content/uploads/2020/10/Prawn-noodle-bar-15.jpg
126,,,https://sethlui.com/newton-tian-xiang-big-prawn-noodle-singapore/,http://sethlui.com/wp-content/uploads/2017/09/prawn-noodle-held-up-noodles-800x533.jpg
126,,,https://sethlui.com/prawn-noodle-bar-singapore/,https://sethlui.com/wp-content/uploads/2020/10/Prawn-noodle-bar-8.jpg
127,,,https://sethlui.com/newton-tian-xiang-big-prawn-noodle-singapore/,http://sethlui.com/wp-content/uploads/2017/09/prawn-noodle-held-up-prawn-800x533.jpg
127,,,https://sethlui.com/prawn-noodle-bar-singapore/,https://sethlui.com/wp-content/uploads/2020/10/Prawn-noodle-bar-14.jpg
128,,,https://sethlui.com/newton-tian-xiang-big-prawn-noodle-singapore/,http://sethlui.com/wp-content/uploads/2017/09/prawn-noodle-close-up-800x533.jpg
128,,,https://sethlui.com/prawn-noodle-bar-singapore/,https://sethlui.com/wp-content/uploads/2020/10/Prawn-noodle-bar-10.jpg
129,,,https://sethlui.com/newton-tian-xiang-big-prawn-noodle-singapore/,http://sethlui.com/wp-content/uploads/2017/09/newton-food-centre-interior-leaving-800x533.jpg
129,,,https://sethlui.com/prawn-noodle-bar-singapore/,https://static.chope.co/uploads/2019/02/Book_Now_EN_png_1551363657.png
13,,,https://sethlui.com/blanco-court-prawn-mee-prawn-noodle-singapore/,http://sethlui.com/wp-content/uploads/2019/03/Blanco-Court-Prawn-Mee-2.jpg
135,,,https://sethlui.com/ah-fu-prawn-noodle-bedok-singapore/,http://sethlui.com/wp-content/uploads/2017/08/Ah-fu-prawn-mee-1-800x533.jpg
135,,,https://sethlui.com/youfu-fried-hokkien-prawn-noodle-singapore/,https://sethlui.com/wp-content/uploads/2020/09/Youfu-Fried-Hokkien-Prawn-Noodle-6.jpg
136,,,https://sethlui.com/ah-fu-prawn-noodle-bedok-singapore/,http://sethlui.com/wp-content/uploads/2017/08/Ah-fu-prawn-mee-2-800x533.jpg
136,,,https://sethlui.com/youfu-fried-hokkien-prawn-noodle-singapore/,https://sethlui.com/wp-content/uploads/2020/09/Youfu-Fried-Hokkien-Prawn-Noodle-2.jpg
137,,,https://sethlui.com/ah-fu-prawn-noodle-bedok-singapore/,http://sethlui.com/wp-content/uploads/2017/08/Ah-fu-prawn-mee-3-800x533.jpg
137,,,https://sethlui.com/youfu-fried-hokkien-prawn-noodle-singapore/,https://sethlui.com/wp-content/uploads/2020/09/Youfu-Fried-Hokkien-Prawn-Noodle-7.jpg
138,,,https://sethlui.com/ah-fu-prawn-noodle-bedok-singapore/,http://sethlui.com/wp-content/uploads/2017/08/Ah-fu-prawn-noodles-2-3-800x533.jpg
138,,,https://sethlui.com/youfu-fried-hokkien-prawn-noodle-singapore/,https://sethlui.com/wp-content/uploads/2020/09/Youfu-Fried-Hokkien-Prawn-Noodle-8.jpg
139,,,https://sethlui.com/ah-fu-prawn-noodle-bedok-singapore/,http://sethlui.com/wp-content/uploads/2017/08/Ah-fu-prawn-mee-5-800x533.jpg
139,,,https://sethlui.com/youfu-fried-hokkien-prawn-noodle-singapore/,https://sethlui.com/wp-content/uploads/2020/09/Youfu-Fried-Hokkien-Prawn-Noodle-4.jpg
14,,,https://sethlui.com/blanco-court-prawn-mee-prawn-noodle-singapore/,http://sethlui.com/wp-content/uploads/2019/03/Blanco-Court-Prawn-Mee-3.jpg
140,,,https://sethlui.com/ah-fu-prawn-noodle-bedok-singapore/,http://sethlui.com/wp-content/uploads/2017/08/Ah-fu-prawn-noodles-1-1-800x533.jpg
140,,,https://sethlui.com/youfu-fried-hokkien-prawn-noodle-singapore/,https://sethlui.com/wp-content/uploads/2020/09/Youfu-Fried-Hokkien-Prawn-Noodle-5.jpg
141,,,https://sethlui.com/ah-fu-prawn-noodle-bedok-singapore/,http://sethlui.com/wp-content/uploads/2017/08/Ah-fu-prawn-mee-7-800x533.jpg
142,,,https://sethlui.com/ah-fu-prawn-noodle-bedok-singapore/,http://sethlui.com/wp-content/uploads/2017/08/Ah-fu-prawn-mee-10-800x533.jpg
143,,,https://sethlui.com/ah-fu-prawn-noodle-bedok-singapore/,http://sethlui.com/wp-content/uploads/2017/08/Ah-fu-prawn-mee-8-800x533.jpg
144,,,https://sethlui.com/ah-fu-prawn-noodle-bedok-singapore/,http://sethlui.com/wp-content/uploads/2017/08/Ah-fu-prawn-mee-9-800x533.jpg
146,,,https://sethlui.com/chef-kangs-prawn-noodle-house-toa-payoh-singapore/,http://sethlui.com/wp-content/uploads/2019/11/Chef-Kangs-Prawn-Noodle-House-1.jpg
147,,,https://sethlui.com/chef-kangs-prawn-noodle-house-toa-payoh-singapore/,http://sethlui.com/wp-content/uploads/2019/11/Chef-Kangs-Prawn-Noodle-House-3.jpg
148,,,https://sethlui.com/chef-kangs-prawn-noodle-house-toa-payoh-singapore/,http://sethlui.com/wp-content/uploads/2019/11/Chef-Kangs-Prawn-Noodle-House-2.jpg
149,,,https://sethlui.com/chef-kangs-prawn-noodle-house-toa-payoh-singapore/,http://sethlui.com/wp-content/uploads/2019/11/Chef-Kangs-Prawn-Noodle-House-5.jpg
15,,,https://sethlui.com/blanco-court-prawn-mee-prawn-noodle-singapore/,http://sethlui.com/wp-content/uploads/2019/03/Blanco-Court-Prawn-Mee1-1.jpg
150,,,https://sethlui.com/chef-kangs-prawn-noodle-house-toa-payoh-singapore/,http://sethlui.com/wp-content/uploads/2019/11/Chef-Kangs-Prawn-Noodle-House-8.jpg
150,,,https://sethlui.com/the-big-wah-kee-pot-esplanade-mall-singapore/,http://sethlui.com/wp-content/uploads/2017/07/Wah_Kee-7.jpg
151,,,https://sethlui.com/chef-kangs-prawn-noodle-house-toa-payoh-singapore/,http://sethlui.com/wp-content/uploads/2019/11/Chef-Kangs-Prawn-Noodle-House-13.jpg
151,,,https://sethlui.com/the-big-wah-kee-pot-esplanade-mall-singapore/,http://sethlui.com/wp-content/uploads/2017/07/Wah_Kee-6.jpg
152,,,https://sethlui.com/chef-kangs-prawn-noodle-house-toa-payoh-singapore/,http://sethlui.com/wp-content/uploads/2019/11/Chef-Kangs-Prawn-Noodle-House-11.jpg
152,,,https://sethlui.com/the-big-wah-kee-pot-esplanade-mall-singapore/,http://sethlui.com/wp-content/uploads/2017/08/wahkee-2.jpg
153,,,https://sethlui.com/chef-kangs-prawn-noodle-house-toa-payoh-singapore/,http://sethlui.com/wp-content/uploads/2019/11/Chef-Kangs-Prawn-Noodle-House-14.jpg
153,,,https://sethlui.com/the-big-wah-kee-pot-esplanade-mall-singapore/,http://sethlui.com/wp-content/uploads/2017/08/wahkee-1.jpg
154,,,https://sethlui.com/chef-kangs-prawn-noodle-house-toa-payoh-singapore/,http://sethlui.com/wp-content/uploads/2019/11/Chef-Kangs-Prawn-Noodle-House-7.jpg
154,,,https://sethlui.com/the-big-wah-kee-pot-esplanade-mall-singapore/,http://sethlui.com/wp-content/uploads/2017/08/wahkee-6.jpg
155,,,https://sethlui.com/chef-kangs-prawn-noodle-house-toa-payoh-singapore/,http://sethlui.com/wp-content/uploads/2019/11/Chef-Kangs-Prawn-Noodle-House-9.jpg
155,,,https://sethlui.com/the-big-wah-kee-pot-esplanade-mall-singapore/,http://sethlui.com/wp-content/uploads/2017/08/wahkee-4.jpg
156,,,https://sethlui.com/the-big-wah-kee-pot-esplanade-mall-singapore/,http://sethlui.com/wp-content/uploads/2017/08/wahkee-3.jpg
157,,,https://sethlui.com/the-big-wah-kee-pot-esplanade-mall-singapore/,http://sethlui.com/wp-content/uploads/2017/08/wahkee-7.jpg
158,,,https://sethlui.com/the-big-wah-kee-pot-esplanade-mall-singapore/,http://sethlui.com/wp-content/uploads/2017/08/wahkee-5.jpg
159,,,https://sethlui.com/the-big-wah-kee-pot-esplanade-mall-singapore/,http://sethlui.com/wp-content/uploads/2017/08/wahkee-20.jpg
16,,,https://sethlui.com/blanco-court-prawn-mee-prawn-noodle-singapore/,http://sethlui.com/wp-content/uploads/2019/03/Blanco-Court-Prawn-Mee1-6.jpg
160,,,https://sethlui.com/the-big-wah-kee-pot-esplanade-mall-singapore/,http://sethlui.com/wp-content/uploads/2018/06/klook-book-button-pic.png
161,,,https://sethlui.com/xiao-di-fried-prawn-noodle-hokkien-mee-singapore/,http://sethlui.com/wp-content/uploads/2019/10/Pin-Ji-Fishball-Minced-Meat-Noodles-41.jpg
162,,,https://sethlui.com/xiao-di-fried-prawn-noodle-hokkien-mee-singapore/,http://sethlui.com/wp-content/uploads/2019/10/Xiao-Di-Hokkien-Mee-1-e1571915040151.jpeg
163,,,https://sethlui.com/xiao-di-fried-prawn-noodle-hokkien-mee-singapore/,http://sethlui.com/wp-content/uploads/2019/10/Xiao-Di-Hokkien-Mee-2-e1571915050488.jpeg
164,,,https://sethlui.com/xiao-di-fried-prawn-noodle-hokkien-mee-singapore/,http://sethlui.com/wp-content/uploads/2019/10/Xiao-Di-Hokkien-Mee-12-e1571916138649.jpeg
165,,,https://sethlui.com/xiao-di-fried-prawn-noodle-hokkien-mee-singapore/,http://sethlui.com/wp-content/uploads/2019/10/Xiao-Di-Hokkien-Mee-3-e1571915062414.jpeg
166,,,https://sethlui.com/hong-heng-fried-sotong-prawn-noodle-singapore/,http://sethlui.com/wp-content/uploads/2017/07/Hong-Heng-Fried-Sotong-Prawn-Mee-1.jpg
166,,,https://sethlui.com/xiao-di-fried-prawn-noodle-hokkien-mee-singapore/,http://sethlui.com/wp-content/uploads/2019/10/Xiao-Di-Hokkien-Mee-13-e1572061710774.jpeg
167,,,https://sethlui.com/hong-heng-fried-sotong-prawn-noodle-singapore/,http://sethlui.com/wp-content/uploads/2017/07/Hong-Heng-Fried-Sotong-Prawn-Mee-2.jpg
167,,,https://sethlui.com/xiao-di-fried-prawn-noodle-hokkien-mee-singapore/,http://sethlui.com/wp-content/uploads/2019/10/Xiao-Di-Hokkien-Mee-4-e1571915072300.jpeg
168,,,https://sethlui.com/hong-heng-fried-sotong-prawn-noodle-singapore/,http://sethlui.com/wp-content/uploads/2017/07/Hong-Heng-Fried-Sotong-Prawn-Mee-3.jpg
168,,,https://sethlui.com/xiao-di-fried-prawn-noodle-hokkien-mee-singapore/,http://sethlui.com/wp-content/uploads/2019/10/Xiao-Di-Hokkien-Mee-6-e1571915097975.jpeg
169,,,https://sethlui.com/hong-heng-fried-sotong-prawn-noodle-singapore/,http://sethlui.com/wp-content/uploads/2017/07/Hong-Heng-Fried-Sotong-Prawn-Mee-4.jpg
169,,,https://sethlui.com/xiao-di-fried-prawn-noodle-hokkien-mee-singapore/,http://sethlui.com/wp-content/uploads/2019/10/Xiao-Di-Hokkien-Mee-9-e1571915138824.jpeg
17,,,https://sethlui.com/blanco-court-prawn-mee-prawn-noodle-singapore/,http://sethlui.com/wp-content/uploads/2019/03/Blanco-Court-Prawn-Mee-23.jpg
17,,,https://sethlui.com/good-old-taste-prawn-noodle-ang-mo-kio-singapore-sep-2022/,https://sethlui.com/wp-content/uploads/2022/09/AF1QipOyC4o0LBC1qdcLqOgzv7zYvyqQAV8hHLPkoBI2s846-k-no-450x600.jpg
170,,,https://sethlui.com/hong-heng-fried-sotong-prawn-noodle-singapore/,http://sethlui.com/wp-content/uploads/2017/07/Hong-Heng-Fried-Sotong-Prawn-Mee-5.jpg
170,,,https://sethlui.com/xiao-di-fried-prawn-noodle-hokkien-mee-singapore/,http://sethlui.com/wp-content/uploads/2019/10/Xiao-Di-Hokkien-Mee-5-e1571915082570.jpeg
171,,,https://sethlui.com/hong-heng-fried-sotong-prawn-noodle-singapore/,http://sethlui.com/wp-content/uploads/2017/07/Hong-Heng-Fried-Sotong-Prawn-Mee-6.jpg
172,,,https://sethlui.com/hong-heng-fried-sotong-prawn-noodle-singapore/,http://sethlui.com/wp-content/uploads/2017/07/Hong-Heng-Fried-Sotong-Prawn-Mee-7.jpg
173,,,https://sethlui.com/hong-heng-fried-sotong-prawn-noodle-singapore/,http://sethlui.com/wp-content/uploads/2017/07/Hong-Heng-Fried-Sotong-Prawn-Mee-8.jpg
174,,,https://sethlui.com/hong-heng-fried-sotong-prawn-noodle-singapore/,http://sethlui.com/wp-content/uploads/2017/07/Hong-Heng-Fried-Sotong-Prawn-Mee-9.jpg
175,,,https://sethlui.com/hong-heng-fried-sotong-prawn-noodle-singapore/,http://sethlui.com/wp-content/uploads/2017/07/Hong-Heng-Fried-Sotong-Prawn-Mee-10.jpg
176,,,https://sethlui.com/prawn-noodle-showdown-albert-street-prawn-noodle-vs-whitley-road-big-prawn-noodle-singapore/,http://sethlui.com/wp-content/uploads/2019/03/pasta-risotto-old-airport-road-14.jpg
177,,,https://sethlui.com/prawn-noodle-showdown-albert-street-prawn-noodle-vs-whitley-road-big-prawn-noodle-singapore/,http://sethlui.com/wp-content/uploads/2019/10/Prawn-Noodle-Showdown-Albert-Street-Prawn-Noodle-vs-Whitley-Road-Big-Prawn-Noodle-0504.jpg
178,,,https://sethlui.com/prawn-noodle-showdown-albert-street-prawn-noodle-vs-whitley-road-big-prawn-noodle-singapore/,http://sethlui.com/wp-content/uploads/2019/10/Prawn-Noodle-Showdown-Albert-Street-Prawn-Noodle-vs-Whitley-Road-Big-Prawn-Noodle-5.jpg
179,,,https://sethlui.com/prawn-noodle-showdown-albert-street-prawn-noodle-vs-whitley-road-big-prawn-noodle-singapore/,http://sethlui.com/wp-content/uploads/2019/10/Prawn-Noodle-Showdown-Albert-Street-Prawn-Noodle-vs-Whitley-Road-Big-Prawn-Noodle-8.jpg
18,,,https://sethlui.com/blanco-court-prawn-mee-prawn-noodle-singapore/,http://sethlui.com/wp-content/uploads/2019/03/Blanco-Court-Prawn-Mee1-3.jpg
18,,,https://sethlui.com/good-old-taste-prawn-noodle-ang-mo-kio-singapore-sep-2022/,https://sethlui.com/wp-content/uploads/2022/09/AF1QipPQpfFNqP0y0RNNSetcfisf4IsB_M73pbNChWNss460-k-no.jpg
180,,,https://sethlui.com/prawn-noodle-showdown-albert-street-prawn-noodle-vs-whitley-road-big-prawn-noodle-singapore/,http://sethlui.com/wp-content/uploads/2019/10/Prawn-Noodle-Showdown-Albert-Street-Prawn-Noodle-vs-Whitley-Road-Big-Prawn-Noodle-7.jpg
181,,,https://sethlui.com/old-house-zi-char-singapore/,http://sethlui.com/wp-content/uploads/2017/07/Old-House-1-800x529.jpg
181,,,https://sethlui.com/prawn-noodle-showdown-albert-street-prawn-noodle-vs-whitley-road-big-prawn-noodle-singapore/,http://sethlui.com/wp-content/uploads/2019/10/Prawn-Noodle-Showdown-Albert-Street-Prawn-Noodle-vs-Whitley-Road-Big-Prawn-Noodle-6.jpg
182,,,https://sethlui.com/old-house-zi-char-singapore/,http://sethlui.com/wp-content/uploads/2017/07/Old-House-2-800x533.jpg
182,,,https://sethlui.com/prawn-noodle-showdown-albert-street-prawn-noodle-vs-whitley-road-big-prawn-noodle-singapore/,http://sethlui.com/wp-content/uploads/2019/10/Prawn-Noodle-Showdown-Albert-Street-Prawn-Noodle-vs-Whitley-Road-Big-Prawn-Noodle-14.jpg
183,,,https://sethlui.com/old-house-zi-char-singapore/,http://sethlui.com/wp-content/uploads/2017/07/Old-House-3-800x535.jpg
183,,,https://sethlui.com/prawn-noodle-showdown-albert-street-prawn-noodle-vs-whitley-road-big-prawn-noodle-singapore/,http://sethlui.com/wp-content/uploads/2019/10/Prawn-Noodle-Showdown-Albert-Street-Prawn-Noodle-vs-Whitley-Road-Big-Prawn-Noodle-15.jpg
184,,,https://sethlui.com/old-house-zi-char-singapore/,http://sethlui.com/wp-content/uploads/2017/07/Old-House-4-800x533.jpg
184,,,https://sethlui.com/prawn-noodle-showdown-albert-street-prawn-noodle-vs-whitley-road-big-prawn-noodle-singapore/,http://sethlui.com/wp-content/uploads/2019/10/Prawn-Noodle-Showdown-Albert-Street-Prawn-Noodle-vs-Whitley-Road-Big-Prawn-Noodle-17.jpg
185,,,https://sethlui.com/old-house-zi-char-singapore/,http://sethlui.com/wp-content/uploads/2017/07/Old-House-5.jpg
185,,,https://sethlui.com/prawn-noodle-showdown-albert-street-prawn-noodle-vs-whitley-road-big-prawn-noodle-singapore/,http://sethlui.com/wp-content/uploads/2019/10/Prawn-Noodle-Showdown-Albert-Street-Prawn-Noodle-vs-Whitley-Road-Big-Prawn-Noodle-18.jpg
186,,,https://sethlui.com/old-house-zi-char-singapore/,http://sethlui.com/wp-content/uploads/2017/07/Old-House-6-800x544.jpg
186,,,https://sethlui.com/prawn-noodle-showdown-albert-street-prawn-noodle-vs-whitley-road-big-prawn-noodle-singapore/,http://sethlui.com/wp-content/uploads/2019/10/Prawn-Noodle-Showdown-Albert-Street-Prawn-Noodle-vs-Whitley-Road-Big-Prawn-Noodle-16.jpg
187,,,https://sethlui.com/old-house-zi-char-singapore/,http://sethlui.com/wp-content/uploads/2017/07/Old-House-7-800x537.jpg
187,,,https://sethlui.com/prawn-noodle-showdown-albert-street-prawn-noodle-vs-whitley-road-big-prawn-noodle-singapore/,http://sethlui.com/wp-content/uploads/2019/10/Prawn-Noodle-Showdown-Albert-Street-Prawn-Noodle-vs-Whitley-Road-Big-Prawn-Noodle-0481.jpg
188,,,https://sethlui.com/old-house-zi-char-singapore/,http://sethlui.com/wp-content/uploads/2017/07/Old-House-8-800x533.jpg
188,,,https://sethlui.com/prawn-noodle-showdown-albert-street-prawn-noodle-vs-whitley-road-big-prawn-noodle-singapore/,http://sethlui.com/wp-content/uploads/2019/10/Prawn-Noodle-Showdown-Albert-Street-Prawn-Noodle-vs-Whitley-Road-Big-Prawn-Noodle-1.jpg
189,,,https://sethlui.com/old-house-zi-char-singapore/,http://sethlui.com/wp-content/uploads/2017/07/Old-House-9-800x533.jpg
189,,,https://sethlui.com/prawn-noodle-showdown-albert-street-prawn-noodle-vs-whitley-road-big-prawn-noodle-singapore/,http://sethlui.com/wp-content/uploads/2019/10/Prawn-Noodle-Showdown-Albert-Street-Prawn-Noodle-vs-Whitley-Road-Big-Prawn-Noodle-4.jpg
19,,,https://sethlui.com/blanco-court-prawn-mee-prawn-noodle-singapore/,http://sethlui.com/wp-content/uploads/2019/03/Blanco-Court-Prawn-Mee1-7.jpg
19,,,https://sethlui.com/good-old-taste-prawn-noodle-ang-mo-kio-singapore-sep-2022/,https://sethlui.com/wp-content/uploads/2022/09/AF1QipM2GlpPYI9YyHHvl4eUvnHWNYR3wJz_9lxSnquis635-k-no-480x600.jpg
190,,,https://sethlui.com/old-house-zi-char-singapore/,http://sethlui.com/wp-content/uploads/2017/07/Old-House-11-800x550.jpg
190,,,https://sethlui.com/prawn-noodle-showdown-albert-street-prawn-noodle-vs-whitley-road-big-prawn-noodle-singapore/,http://sethlui.com/wp-content/uploads/2019/10/Prawn-Noodle-Showdown-Albert-Street-Prawn-Noodle-vs-Whitley-Road-Big-Prawn-Noodle-2.jpg
191,,,https://sethlui.com/prawn-noodle-showdown-albert-street-prawn-noodle-vs-whitley-road-big-prawn-noodle-singapore/,http://sethlui.com/wp-content/uploads/2019/10/Prawn-Noodle-Showdown-Albert-Street-Prawn-Noodle-vs-Whitley-Road-Big-Prawn-Noodle-3.jpg
192,,,https://sethlui.com/prawn-noodle-showdown-albert-street-prawn-noodle-vs-whitley-road-big-prawn-noodle-singapore/,http://sethlui.com/wp-content/uploads/2019/10/Prawn-Noodle-Showdown-Albert-Street-Prawn-Noodle-vs-Whitley-Road-Big-Prawn-Noodle-13.jpg
193,,,https://sethlui.com/prawn-noodle-showdown-albert-street-prawn-noodle-vs-whitley-road-big-prawn-noodle-singapore/,http://sethlui.com/wp-content/uploads/2019/10/Prawn-Noodle-Showdown-Albert-Street-Prawn-Noodle-vs-Whitley-Road-Big-Prawn-Noodle-10.jpg
194,,,https://sethlui.com/prawn-noodle-showdown-albert-street-prawn-noodle-vs-whitley-road-big-prawn-noodle-singapore/,http://sethlui.com/wp-content/uploads/2019/10/Prawn-Noodle-Showdown-Albert-Street-Prawn-Noodle-vs-Whitley-Road-Big-Prawn-Noodle-12.jpg
195,,,https://sethlui.com/prawn-noodle-showdown-albert-street-prawn-noodle-vs-whitley-road-big-prawn-noodle-singapore/,http://sethlui.com/wp-content/uploads/2019/10/Prawn-Noodle-Showdown-Albert-Street-Prawn-Noodle-vs-Whitley-Road-Big-Prawn-Noodle-11.jpg
196,,,https://sethlui.com/no-signboard-prawn-noodle-singapore/,http://sethlui.com/wp-content/uploads/2017/04/No-Signboard-Prawn-Noodle-1-800x523.jpg
197,,,https://sethlui.com/no-signboard-prawn-noodle-singapore/,http://sethlui.com/wp-content/uploads/2017/04/No-Signboard-Prawn-Noodle-2-800x553.jpg
198,,,https://sethlui.com/no-signboard-prawn-noodle-singapore/,http://sethlui.com/wp-content/uploads/2017/04/No-Signboard-Prawn-Noodle-3-800x554.jpg
199,,,https://sethlui.com/no-signboard-prawn-noodle-singapore/,http://sethlui.com/wp-content/uploads/2017/04/No-Signboard-Prawn-Noodle-4-800x554.jpg
2,,,https://sethlui.com/545-whampoa-prawn-noodles-prawn-noodles-singapore/,http://sethlui.com/wp-content/uploads/2019/05/Whampoa-Prawn-Noodles-3-800x533.jpg
2,,,https://sethlui.com/chin-choon-prawn-noodle-singapore/,https://sethlui.com/wp-content/uploads/2022/10/20210602124815_IMG_1841-800x533.jpg
20,,,https://sethlui.com/blanco-court-prawn-mee-prawn-noodle-singapore/,http://sethlui.com/wp-content/uploads/2019/03/Blanco-Court-Prawn-Mee1-2.jpg
20,,,https://sethlui.com/good-old-taste-prawn-noodle-ang-mo-kio-singapore-sep-2022/,https://sethlui.com/wp-content/uploads/2022/09/AF1QipMaZICEaxgylyk-OjYPb7zcLmz3e6hqrzrvhlYMs635-k-no-600x600.jpg
200,,,https://sethlui.com/no-signboard-prawn-noodle-singapore/,http://sethlui.com/wp-content/uploads/2017/04/No-Signboard-Prawn-Noodle-5-800x542.jpg
201,,,https://sethlui.com/no-signboard-prawn-noodle-singapore/,http://sethlui.com/wp-content/uploads/2017/04/No-Signboard-Prawn-Noodle-6-800x534.jpg
201,,,https://sethlui.com/river-south-hoe-nam-prawn-noodles-singapore/,http://sethlui.com/wp-content/uploads/2019/10/River-South-Hoe-Nam-Prawn-Noodles-1-e1569951230231.jpg
202,,,https://sethlui.com/no-signboard-prawn-noodle-singapore/,http://sethlui.com/wp-content/uploads/2017/04/No-Signboard-Prawn-Noodle-7-800x544.jpg
202,,,https://sethlui.com/river-south-hoe-nam-prawn-noodles-singapore/,http://sethlui.com/wp-content/uploads/2019/10/River-South-Hoe-Nam-Prawn-Noodles-2-e1569951298902.jpg
203,,,https://sethlui.com/no-signboard-prawn-noodle-singapore/,http://sethlui.com/wp-content/uploads/2017/04/No-Signboard-Prawn-Noodle-8-800x564.jpg
203,,,https://sethlui.com/river-south-hoe-nam-prawn-noodles-singapore/,http://sethlui.com/wp-content/uploads/2019/10/River-South-Hoe-Nam-Prawn-Noodles-3-e1569951327468.jpg
204,,,https://sethlui.com/no-signboard-prawn-noodle-singapore/,http://sethlui.com/wp-content/uploads/2017/04/No-Signboard-Prawn-Noodle-9-800x538.jpg
204,,,https://sethlui.com/river-south-hoe-nam-prawn-noodles-singapore/,http://sethlui.com/wp-content/uploads/2019/10/River-South-Hoe-Nam-Prawn-Noodles-4-e1569951357861.jpg
205,,,https://sethlui.com/river-south-hoe-nam-prawn-noodles-singapore/,http://sethlui.com/wp-content/uploads/2019/10/River-South-Hoe-Nam-Prawn-Noodles-5-e1569951397713.jpg
206,,,https://sethlui.com/river-south-hoe-nam-prawn-noodles-singapore/,http://sethlui.com/wp-content/uploads/2019/10/River-South-Hoe-Nam-Prawn-Noodles-6-e1569951419206.jpg
207,,,https://sethlui.com/river-south-hoe-nam-prawn-noodles-singapore/,http://sethlui.com/wp-content/uploads/2019/10/River-South-Hoe-Nam-Prawn-Noodles-7-e1569951437753.jpg
208,,,https://sethlui.com/river-south-hoe-nam-prawn-noodles-singapore/,http://sethlui.com/wp-content/uploads/2019/10/River-South-Hoe-Nam-Prawn-Noodles-8-e1569951458612.jpg
209,,,https://sethlui.com/river-south-hoe-nam-prawn-noodles-singapore/,http://sethlui.com/wp-content/uploads/2019/10/River-South-Hoe-Nam-Prawn-Noodles-9-e1569951477321.jpg
21,,,https://sethlui.com/blanco-court-prawn-mee-prawn-noodle-singapore/,http://sethlui.com/wp-content/uploads/2019/03/Blanco-Court-Prawn-Mee-22.jpg
210,,,https://sethlui.com/river-south-hoe-nam-prawn-noodles-singapore/,http://sethlui.com/wp-content/uploads/2019/10/River-South-Hoe-Nam-Prawn-Noodles-10-e1569951548228.jpg
210,,,https://sethlui.com/wah-kee-big-prawn-noodles-beach-road/,http://sethlui.com/wp-content/uploads/2016/12/Wah-Kee-Big-Prawn-Noodle-12-800x533.jpg
211,,,https://sethlui.com/river-south-hoe-nam-prawn-noodles-singapore/,http://sethlui.com/wp-content/uploads/2019/10/River-South-Hoe-Nam-Prawn-Noodles-11-e1569951573857.jpg
216,,,https://sethlui.com/wah-kee-big-prawn-noodle-singapore/,http://sethlui.com/wp-content/uploads/2016/12/Wah-Kee-Big-Prawn-Noodle-1-800x533.jpg
217,,,https://sethlui.com/wah-kee-big-prawn-noodle-singapore/,http://sethlui.com/wp-content/uploads/2016/12/Wah-Kee-Big-Prawn-Noodle-2-800x589.jpg
217,,,https://sethlui.com/zhenjie-seafood-prawn-noodles-singapore/,http://sethlui.com/wp-content/uploads/2019/08/Zhen-Jie-Prawn-Noodles-10-800x533.jpg
218,,,https://sethlui.com/wah-kee-big-prawn-noodle-singapore/,http://sethlui.com/wp-content/uploads/2016/12/Wah-Kee-Big-Prawn-Noodle-3-800x548.jpg
218,,,https://sethlui.com/zhenjie-seafood-prawn-noodles-singapore/,http://sethlui.com/wp-content/uploads/2019/08/Zhen-Jie-Prawn-Noodles-12-800x533.jpg
219,,,https://sethlui.com/wah-kee-big-prawn-noodle-singapore/,http://sethlui.com/wp-content/uploads/2016/12/Wah-Kee-Big-Prawn-Noodle-4-800x533.jpg
219,,,https://sethlui.com/zhenjie-seafood-prawn-noodles-singapore/,http://sethlui.com/wp-content/uploads/2019/08/Zhen-Jie-Prawn-Noodles-19.jpg
22,,,https://sethlui.com/blanco-court-prawn-mee-prawn-noodle-singapore/,http://sethlui.com/wp-content/uploads/2019/03/Blanco-Court-Prawn-Mee1-8.jpg
220,,,https://sethlui.com/wah-kee-big-prawn-noodle-singapore/,http://sethlui.com/wp-content/uploads/2016/12/Wah-Kee-Big-Prawn-Noodle-5-800x566.jpg
220,,,https://sethlui.com/zhenjie-seafood-prawn-noodles-singapore/,http://sethlui.com/wp-content/uploads/2019/08/Zhen-Jie-Prawn-Noodles-15-800x533.jpg
221,,,https://sethlui.com/wah-kee-big-prawn-noodle-singapore/,http://sethlui.com/wp-content/uploads/2016/12/Wah-Kee-Big-Prawn-Noodle-6-800x533.jpg
221,,,https://sethlui.com/zhenjie-seafood-prawn-noodles-singapore/,http://sethlui.com/wp-content/uploads/2019/08/Zhen-Jie-Prawn-Noodles-14.jpg
222,,,https://sethlui.com/wah-kee-big-prawn-noodle-singapore/,http://sethlui.com/wp-content/uploads/2016/12/Wah-Kee-Big-Prawn-Noodle-7-800x533.jpg
222,,,https://sethlui.com/zhenjie-seafood-prawn-noodles-singapore/,http://sethlui.com/wp-content/uploads/2019/08/Zhen-Jie-Prawn-Noodles-18.jpg
223,,,https://sethlui.com/wah-kee-big-prawn-noodle-singapore/,http://sethlui.com/wp-content/uploads/2016/12/Wah-Kee-Big-Prawn-Noodle-8-800x533.jpg
223,,,https://sethlui.com/zhenjie-seafood-prawn-noodles-singapore/,http://sethlui.com/wp-content/uploads/2019/08/Zhen-Jie-Prawn-Noodles-17-800x533.jpg
224,,,https://sethlui.com/wah-kee-big-prawn-noodle-singapore/,http://sethlui.com/wp-content/uploads/2016/12/Wah-Kee-Big-Prawn-Noodle-11-800x533.jpg
224,,,https://sethlui.com/zhenjie-seafood-prawn-noodles-singapore/,http://sethlui.com/wp-content/uploads/2019/08/Zhen-Jie-Prawn-Noodles-20.jpg
225,,,https://sethlui.com/wah-kee-big-prawn-noodle-singapore/,http://sethlui.com/wp-content/uploads/2016/12/Wah-Kee-Big-Prawn-Noodle-10-1-800x533.jpg
225,,,https://sethlui.com/zhenjie-seafood-prawn-noodles-singapore/,http://sethlui.com/wp-content/uploads/2019/08/Zhen-Jie-Prawn-Noodles-22-800x533.jpg
226,,,https://sethlui.com/wah-kee-big-prawn-noodle-singapore/,http://sethlui.com/wp-content/uploads/2016/12/Wah-Kee-Big-Prawn-Noodle-12-800x533.jpg
226,,,https://sethlui.com/zhenjie-seafood-prawn-noodles-singapore/,http://sethlui.com/wp-content/uploads/2019/08/Zhen-Jie-Prawn-Noodles-23-800x533.jpg
227,,,https://sethlui.com/wah-kee-big-prawn-noodle-singapore/,http://sethlui.com/wp-content/uploads/2016/12/Wah-Kee-Big-Prawn-Noodle-13-800x519.jpg
227,,,https://sethlui.com/zhenjie-seafood-prawn-noodles-singapore/,http://sethlui.com/wp-content/uploads/2019/08/Zhen-Jie-Prawn-Noodles-25-800x533.jpg
228,,,https://sethlui.com/wah-kee-big-prawn-noodle-singapore/,http://sethlui.com/wp-content/uploads/2018/06/klook-book-button-pic.png
228,,,https://sethlui.com/zhenjie-seafood-prawn-noodles-singapore/,http://sethlui.com/wp-content/uploads/2019/08/Zhen-Jie-Prawn-Noodles-30-800x533.jpg
229,,,https://sethlui.com/zhenjie-seafood-prawn-noodles-singapore/,http://sethlui.com/wp-content/uploads/2019/08/Zhen-Jie-Prawn-Noodles-29-800x533.jpg
23,,,https://sethlui.com/blanco-court-prawn-mee-prawn-noodle-singapore/,http://sethlui.com/wp-content/uploads/2019/03/Blanco-Court-Prawn-Mee-27.jpg
230,,,https://sethlui.com/zhenjie-seafood-prawn-noodles-singapore/,http://sethlui.com/wp-content/uploads/2019/08/Zhen-Jie-Prawn-Noodles-26-800x533.jpg
231,,,https://sethlui.com/zhenjie-seafood-prawn-noodles-singapore/,http://sethlui.com/wp-content/uploads/2019/08/Zhen-Jie-Prawn-Noodles-27-800x533.jpg
234,,,https://sethlui.com/sumo-big-prawn-noodle-singapore/,http://sethlui.com/wp-content/uploads/2016/10/Sumo-Big-Prawn-Noodle-1.jpg
235,,,https://sethlui.com/sumo-big-prawn-noodle-singapore/,http://sethlui.com/wp-content/uploads/2016/10/Sumo-Big-Prawn-Noodle-9.jpg
236,,,https://sethlui.com/sumo-big-prawn-noodle-singapore/,http://sethlui.com/wp-content/uploads/2016/10/Sumo-Big-Prawn-Noodle-2.jpg
237,,,https://sethlui.com/sumo-big-prawn-noodle-singapore/,http://sethlui.com/wp-content/uploads/2016/10/Sumo-Big-Prawn-Noodle-3.jpg
237,,,https://sethlui.com/traditional-famous-prawn-mee-hougang-singapore/,http://sethlui.com/wp-content/uploads/2019/08/Traditional-Famous-Prawn-Mee-Hougang-9472.jpg
238,,,https://sethlui.com/sumo-big-prawn-noodle-singapore/,http://sethlui.com/wp-content/uploads/2016/10/Sumo-Big-Prawn-Noodle-10.jpg
238,,,https://sethlui.com/traditional-famous-prawn-mee-hougang-singapore/,http://sethlui.com/wp-content/uploads/2019/08/traditional-famous-prawn-mee-3.jpg
239,,,https://sethlui.com/sumo-big-prawn-noodle-singapore/,http://sethlui.com/wp-content/uploads/2016/10/Sumo-Big-Prawn-Noodle-5.jpg
239,,,https://sethlui.com/traditional-famous-prawn-mee-hougang-singapore/,http://sethlui.com/wp-content/uploads/2019/08/traditional-famous-prawn-mee-9467.jpg
24,,,https://sethlui.com/blanco-court-prawn-mee-prawn-noodle-singapore/,http://sethlui.com/wp-content/uploads/2019/03/Blanco-Court-Prawn-Mee-10.jpg
240,,,https://sethlui.com/sumo-big-prawn-noodle-singapore/,http://sethlui.com/wp-content/uploads/2016/10/Sumo-Big-Prawn-Noodle-8.jpg
240,,,https://sethlui.com/traditional-famous-prawn-mee-hougang-singapore/,http://sethlui.com/wp-content/uploads/2019/08/traditional-famous-prawn-mee-5.jpg
241,,,https://sethlui.com/sumo-big-prawn-noodle-singapore/,http://sethlui.com/wp-content/uploads/2016/10/Sumo-Big-Prawn-Noodle-11.jpg
241,,,https://sethlui.com/traditional-famous-prawn-mee-hougang-singapore/,http://sethlui.com/wp-content/uploads/2019/08/traditional-famous-prawn-mee-9.jpg
242,,,https://sethlui.com/traditional-famous-prawn-mee-hougang-singapore/,http://sethlui.com/wp-content/uploads/2019/08/traditional-famous-prawn-mee-9453.jpg
243,,,https://sethlui.com/traditional-famous-prawn-mee-hougang-singapore/,http://sethlui.com/wp-content/uploads/2019/08/traditional-famous-prawn-mee-9460.jpg
244,,,https://sethlui.com/traditional-famous-prawn-mee-hougang-singapore/,http://sethlui.com/wp-content/uploads/2019/08/Traditional-Famous-Prawn-Mee-Hougang-2.jpg
245,,,https://sethlui.com/traditional-famous-prawn-mee-hougang-singapore/,http://sethlui.com/wp-content/uploads/2019/08/traditional-famous-prawn-mee-12.jpg
246,,,https://sethlui.com/traditional-famous-prawn-mee-hougang-singapore/,http://sethlui.com/wp-content/uploads/2019/08/traditional-famous-prawn-mee-4.jpg
247,,,https://sethlui.com/best-prawn-noodle-soup-singapore/,http://sethlui.com/wp-content/uploads/2015/07/best-prawn-noodle-soup-in-singapore.jpg
247,,,https://sethlui.com/traditional-famous-prawn-mee-hougang-singapore/,http://sethlui.com/wp-content/uploads/2019/08/Traditional-Famous-Prawn-Mee-Hougang-1.jpg
248,,,https://sethlui.com/best-prawn-noodle-soup-singapore/,http://sethlui.com/wp-content/uploads/2015/07/Wah-Kee-Big-Prawn-Noodles-11-750x500.jpg
248,,,https://sethlui.com/traditional-famous-prawn-mee-hougang-singapore/,http://sethlui.com/wp-content/uploads/2019/08/traditional-famous-prawn-mee-6-e1565068797180.jpg
249,,,https://sethlui.com/best-prawn-noodle-soup-singapore/,http://sethlui.com/wp-content/uploads/2015/07/Wah-Kee-Big-Prawn-Noodles-21-750x500.jpg
249,,,https://sethlui.com/traditional-famous-prawn-mee-hougang-singapore/,http://sethlui.com/wp-content/uploads/2019/08/traditional-famous-prawn-mee-7.jpg
250,,,https://sethlui.com/best-prawn-noodle-soup-singapore/,http://sethlui.com/wp-content/uploads/2014/05/IMG_5335-749x500.jpg
250,,,https://sethlui.com/traditional-famous-prawn-mee-hougang-singapore/,"data:image/svg+xml,%3Csvg%20xmlns='http://www.w3.org/2000/svg'%20viewBox='0%200%20800%20440'%3E%3C/svg%3E"
251,,,https://sethlui.com/best-prawn-noodle-soup-singapore/,http://sethlui.com/wp-content/uploads/2014/05/IMG_5339-749x500.jpg
252,,,https://sethlui.com/best-prawn-noodle-soup-singapore/,http://sethlui.com/wp-content/uploads/2015/07/Albert-Street-Prawn-Noodle-1.jpg
253,,,https://sethlui.com/best-prawn-noodle-soup-singapore/,http://sethlui.com/wp-content/uploads/2015/07/Albert-Street-Prawn-Noodle-2.jpg
254,,,https://sethlui.com/best-prawn-noodle-soup-singapore/,http://sethlui.com/wp-content/uploads/2015/07/Khoon-Kee-Tasty-Prawn-Mee-and-Char-Kway-Teow-1-750x500.jpg
255,,,https://sethlui.com/best-prawn-noodle-soup-singapore/,http://sethlui.com/wp-content/uploads/2015/07/Khoon-Kee-Tasty-Prawn-Mee-and-Char-Kway-Teow-2-750x500.jpg
256,,,https://sethlui.com/best-prawn-noodle-soup-singapore/,http://sethlui.com/wp-content/uploads/2015/07/Whitley-Road-Big-Prawn-Mee-1.jpg
256,,,https://sethlui.com/prawn-mee-bedok-singapore/,http://sethlui.com/wp-content/uploads/2019/07/Prawn-Mee-0311-800x533.jpg
257,,,https://sethlui.com/best-prawn-noodle-soup-singapore/,http://sethlui.com/wp-content/uploads/2015/07/Whitley-Road-Big-Prawn-Mee-2.jpg
257,,,https://sethlui.com/prawn-mee-bedok-singapore/,http://sethlui.com/wp-content/uploads/2019/07/Prawn-Mee-0237-800x533.jpg
258,,,https://sethlui.com/best-prawn-noodle-soup-singapore/,http://sethlui.com/wp-content/uploads/2015/07/Hock-Prawn-Mee-11-750x500.jpg
258,,,https://sethlui.com/prawn-mee-bedok-singapore/,http://sethlui.com/wp-content/uploads/2019/07/Prawn-Mee-0248.jpg
259,,,https://sethlui.com/best-prawn-noodle-soup-singapore/,http://sethlui.com/wp-content/uploads/2015/07/Hock-Prawn-Mee-21-750x500.jpg
259,,,https://sethlui.com/prawn-mee-bedok-singapore/,http://sethlui.com/wp-content/uploads/2019/07/Prawn-Mee-0232-e1563177708888.jpg
26,,,https://sethlui.com/beach-road-prawn-noodle-house-singapore/,https://sethlui.com/wp-content/uploads/2022/08/Beach-Road-Prawn-Noodle-House-13.jpg
260,,,https://sethlui.com/best-prawn-noodle-soup-singapore/,http://sethlui.com/wp-content/uploads/2015/07/Beach-Road-Prawn-Mee-Eating-House-1-753x500.jpg
260,,,https://sethlui.com/prawn-mee-bedok-singapore/,http://sethlui.com/wp-content/uploads/2019/07/Prawn-Mee-0275.jpg
261,,,https://sethlui.com/best-prawn-noodle-soup-singapore/,http://sethlui.com/wp-content/uploads/2015/07/Beach-Road-Prawn-Mee-Eating-House-2-753x500.jpg
261,,,https://sethlui.com/prawn-mee-bedok-singapore/,http://sethlui.com/wp-content/uploads/2019/07/Prawn-Mee-0265.jpg
262,,,https://sethlui.com/best-prawn-noodle-soup-singapore/,http://sethlui.com/wp-content/uploads/2015/07/545-Whampoa-Prawn-Noodles-11-750x500.jpg
262,,,https://sethlui.com/prawn-mee-bedok-singapore/,http://sethlui.com/wp-content/uploads/2019/07/Prawn-Mee-0257-800x533.jpg
263,,,https://sethlui.com/best-prawn-noodle-soup-singapore/,http://sethlui.com/wp-content/uploads/2015/07/545-Whampoa-Prawn-Noodles-21-750x500.jpg
263,,,https://sethlui.com/prawn-mee-bedok-singapore/,http://sethlui.com/wp-content/uploads/2019/07/Prawn-Mee-0284.jpg
264,,,https://sethlui.com/best-prawn-noodle-soup-singapore/,http://sethlui.com/wp-content/uploads/2015/07/Jalan-Sultan-Prawn-Mee-1-751x500.jpg
264,,,https://sethlui.com/prawn-mee-bedok-singapore/,http://sethlui.com/wp-content/uploads/2019/07/Prawn-Mee-0251.jpg
265,,,https://sethlui.com/best-prawn-noodle-soup-singapore/,http://sethlui.com/wp-content/uploads/2015/07/Jalan-Sultan-Prawn-Mee-2-751x500.jpg
265,,,https://sethlui.com/prawn-mee-bedok-singapore/,http://sethlui.com/wp-content/uploads/2019/07/Prawn-Mee-0299.jpg
266,,,https://sethlui.com/best-prawn-noodle-soup-singapore/,http://sethlui.com/wp-content/uploads/2015/07/Min-Nan-Pork-RIbs-Prawn-Noodle-11-750x500.jpg
266,,,https://sethlui.com/prawn-mee-bedok-singapore/,http://sethlui.com/wp-content/uploads/2019/07/Prawn-Mee-0287.jpg
267,,,https://sethlui.com/best-prawn-noodle-soup-singapore/,http://sethlui.com/wp-content/uploads/2015/07/Min-Nan-Pork-RIbs-Prawn-Noodle-21-750x500.jpg
268,,,https://sethlui.com/best-prawn-noodle-soup-singapore/,http://sethlui.com/wp-content/uploads/2015/07/Zhen-Ming-Pork-Ribs-and-Prawn-Noodle-11-750x500.jpg
269,,,https://sethlui.com/best-prawn-noodle-soup-singapore/,http://sethlui.com/wp-content/uploads/2015/07/Zhen-Ming-Pork-Ribs-and-Prawn-Noodle-21-750x500.jpg
27,,,https://sethlui.com/beach-road-prawn-noodle-house-singapore/,https://sethlui.com/wp-content/uploads/2022/08/Beach-Road-Prawn-Noodle-House-10.jpg
270,,,https://sethlui.com/best-prawn-noodle-soup-singapore/,http://sethlui.com/wp-content/uploads/2015/07/Noo-Cheng-Adam-Road-Prawn-Noodle-Zion-Road-11-750x500.jpg
271,,,https://sethlui.com/best-prawn-noodle-soup-singapore/,http://sethlui.com/wp-content/uploads/2015/07/Noo-Cheng-Adam-Road-Prawn-Noodle-Zion-Road-21-750x500.jpg
272,,,https://sethlui.com/mings-prawn-noodle-alexandra-village-food-centre-singapore/,http://sethlui.com/wp-content/uploads/2019/06/Mings-Prawn-Noodle-0471.jpg
273,,,https://sethlui.com/mings-prawn-noodle-alexandra-village-food-centre-singapore/,http://sethlui.com/wp-content/uploads/2019/06/Mings-Prawn-Noodle-0476.jpg
274,,,https://sethlui.com/mings-prawn-noodle-alexandra-village-food-centre-singapore/,http://sethlui.com/wp-content/uploads/2019/06/Mings-Prawn-Noodle-0551.jpg
275,,,https://sethlui.com/mings-prawn-noodle-alexandra-village-food-centre-singapore/,http://sethlui.com/wp-content/uploads/2019/06/Mings-Prawn-Noodle-0527.jpg
276,,,https://sethlui.com/mings-prawn-noodle-alexandra-village-food-centre-singapore/,http://sethlui.com/wp-content/uploads/2019/06/Mings-Prawn-Noodle-0561.jpg
277,,,https://sethlui.com/mings-prawn-noodle-alexandra-village-food-centre-singapore/,http://sethlui.com/wp-content/uploads/2019/06/Mings-Prawn-Noodle-0558.jpg
278,,,https://sethlui.com/mings-prawn-noodle-alexandra-village-food-centre-singapore/,http://sethlui.com/wp-content/uploads/2019/06/Mings-Prawn-Noodle-0500.jpg
279,,,https://sethlui.com/mings-prawn-noodle-alexandra-village-food-centre-singapore/,http://sethlui.com/wp-content/uploads/2019/06/Mings-Prawn-Noodle-0581.jpg
28,,,https://sethlui.com/beach-road-prawn-noodle-house-singapore/,https://sethlui.com/wp-content/uploads/2022/08/Beach-Road-Prawn-Noodle-House-01.jpg
280,,,https://sethlui.com/mings-prawn-noodle-alexandra-village-food-centre-singapore/,http://sethlui.com/wp-content/uploads/2019/06/Mings-Prawn-Noodle-0573-800x533.jpg
281,,,https://sethlui.com/mings-prawn-noodle-alexandra-village-food-centre-singapore/,http://sethlui.com/wp-content/uploads/2019/06/Mings-Prawn-Noodle-0599.jpg
282,,,https://sethlui.com/mings-prawn-noodle-alexandra-village-food-centre-singapore/,http://sethlui.com/wp-content/uploads/2019/06/Mings-Prawn-Noodle-0507.jpg
283,,,https://sethlui.com/mings-prawn-noodle-alexandra-village-food-centre-singapore/,http://sethlui.com/wp-content/uploads/2019/06/Mings-Prawn-Noodle-0570.jpg
29,,,https://sethlui.com/beach-road-prawn-noodle-house-singapore/,https://sethlui.com/wp-content/uploads/2022/08/Beach-Road-Prawn-Noodle-House-17.jpg
3,,,https://sethlui.com/545-whampoa-prawn-noodles-prawn-noodles-singapore/,http://sethlui.com/wp-content/uploads/2019/05/Whampoa-Prawn-Noodles-4-800x533.jpg
3,,,https://sethlui.com/chin-choon-prawn-noodle-singapore/,https://sethlui.com/wp-content/uploads/2022/10/20210602124934_IMG_1845-800x533.jpg
30,,,https://sethlui.com/beach-road-prawn-noodle-house-singapore/,https://sethlui.com/wp-content/uploads/2022/08/Beach-Road-Prawn-Noodle-House.jpg
30,,,https://sethlui.com/da-dong-prawn-noodles-singapore/,http://sethlui.com/wp-content/uploads/2018/12/Da-Dong-Prawn-Noodle-17-800x533.jpg
31,,,https://sethlui.com/beach-road-prawn-noodle-house-singapore/,https://sethlui.com/wp-content/uploads/2022/08/Beach-Road-Prawn-Noodle-House-15.jpg
31,,,https://sethlui.com/da-dong-prawn-noodles-singapore/,http://sethlui.com/wp-content/uploads/2018/12/Da-Dong-Prawn-Noodle-1-800x533.jpg
32,,,https://sethlui.com/beach-road-prawn-noodle-house-singapore/,https://sethlui.com/wp-content/uploads/2022/08/Beach-Road-Prawn-Noodle-House-02.jpg
32,,,https://sethlui.com/da-dong-prawn-noodles-singapore/,http://sethlui.com/wp-content/uploads/2018/12/Da-Dong-Prawn-Noodle-18-800x533.jpg
33,,,https://sethlui.com/beach-road-prawn-noodle-house-singapore/,https://sethlui.com/wp-content/uploads/2022/08/Beach-Road-Prawn-Noodle-House-04.jpg
33,,,https://sethlui.com/da-dong-prawn-noodles-singapore/,http://sethlui.com/wp-content/uploads/2018/12/Da-Dong-Prawn-Noodle-10-800x533.jpg
34,,,https://sethlui.com/beach-road-prawn-noodle-house-singapore/,https://sethlui.com/wp-content/uploads/2022/08/Beach-Road-Prawn-Noodle-House-06.jpg
34,,,https://sethlui.com/da-dong-prawn-noodles-singapore/,http://sethlui.com/wp-content/uploads/2018/12/Da-Dong-Prawn-Noodle-16.jpg
35,,,https://sethlui.com/beach-road-prawn-noodle-house-singapore/,https://sethlui.com/wp-content/uploads/2022/08/Beach-Road-Prawn-Noodle-House-18.jpg
35,,,https://sethlui.com/da-dong-prawn-noodles-singapore/,http://sethlui.com/wp-content/uploads/2018/12/Da-Dong-Prawn-Noodle-9-800x533.jpg
36,,,https://sethlui.com/beach-road-prawn-noodle-house-singapore/,https://sethlui.com/wp-content/uploads/2022/08/Beach-Road-Prawn-Noodle-House-07.jpg
36,,,https://sethlui.com/da-dong-prawn-noodles-singapore/,http://sethlui.com/wp-content/uploads/2018/12/Da-Dong-Prawn-Noodle-11.jpg
37,,,https://sethlui.com/beach-road-prawn-noodle-house-singapore/,https://sethlui.com/wp-content/uploads/2022/08/Beach-Road-Prawn-Noodle-House-2.jpg
37,,,https://sethlui.com/da-dong-prawn-noodles-singapore/,http://sethlui.com/wp-content/uploads/2018/12/Da-Dong-Prawn-Noodle-7-800x533.jpg
38,,,https://sethlui.com/beach-road-prawn-noodle-house-singapore/,https://sethlui.com/wp-content/uploads/2022/08/Beach-Road-Prawn-Noodle-House-3.jpg
38,,,https://sethlui.com/da-dong-prawn-noodles-singapore/,http://sethlui.com/wp-content/uploads/2018/12/Da-Dong-Prawn-Noodle-14.jpg
39,,,https://sethlui.com/beach-road-prawn-noodle-house-singapore/,https://sethlui.com/wp-content/uploads/2022/08/Beach-Road-Prawn-Noodle-House-4.jpg
39,,,https://sethlui.com/da-dong-prawn-noodles-singapore/,http://sethlui.com/wp-content/uploads/2018/12/Da-Dong-Prawn-Noodle-6.jpg
4,,,https://sethlui.com/545-whampoa-prawn-noodles-prawn-noodles-singapore/,http://sethlui.com/wp-content/uploads/2019/05/Whampoa-Prawn-Noodles-8-800x533.jpg
4,,,https://sethlui.com/chin-choon-prawn-noodle-singapore/,https://sethlui.com/wp-content/uploads/2022/10/CM_Photogrid_1665549308671-800x400.jpg
40,,,https://sethlui.com/beach-road-prawn-noodle-house-singapore/,https://sethlui.com/wp-content/uploads/2022/08/Beach-Road-Prawn-Noodle-House-20.jpg
45,,,https://sethlui.com/ah-fu-prawn-noodle-second-store-windy-heights-bedok-singapore/,http://sethlui.com/wp-content/uploads/2018/12/Ah-Fu-Prawn-Noodle-1-800x533.jpg
46,,,https://sethlui.com/165-pork-rib-prawn-noodles-singapore/,https://sethlui.com/wp-content/uploads/2022/06/IMG_2012-780x600.jpg
46,,,https://sethlui.com/ah-fu-prawn-noodle-second-store-windy-heights-bedok-singapore/,http://sethlui.com/wp-content/uploads/2018/12/Ah-Fu-Prawn-Noodle-3-800x533.jpg
47,,,https://sethlui.com/165-pork-rib-prawn-noodles-singapore/,https://sethlui.com/wp-content/uploads/2022/06/IMG_1984-800x551.jpg
47,,,https://sethlui.com/ah-fu-prawn-noodle-second-store-windy-heights-bedok-singapore/,http://sethlui.com/wp-content/uploads/2018/12/Ah-Fu-Prawn-Noodle-2-800x533.jpg
48,,,https://sethlui.com/165-pork-rib-prawn-noodles-singapore/,https://sethlui.com/wp-content/uploads/2022/06/IMG_2016-800x600.jpg
49,,,https://sethlui.com/165-pork-rib-prawn-noodles-singapore/,https://sethlui.com/wp-content/uploads/2022/06/IMG_2024-800x600.jpg
5,,,https://sethlui.com/545-whampoa-prawn-noodles-prawn-noodles-singapore/,http://sethlui.com/wp-content/uploads/2019/05/Whampoa-Prawn-Noodles-5-800x533.jpg
5,,,https://sethlui.com/chin-choon-prawn-noodle-singapore/,https://sethlui.com/wp-content/uploads/2022/10/20210602130204_IMG_1864-800x533.jpg
50,,,https://sethlui.com/165-pork-rib-prawn-noodles-singapore/,https://sethlui.com/wp-content/uploads/2022/06/IMG_2040-800x600.jpg
51,,,https://sethlui.com/165-pork-rib-prawn-noodles-singapore/,https://sethlui.com/wp-content/uploads/2022/06/IMG_2035-800x600.jpg
52,,,https://sethlui.com/165-pork-rib-prawn-noodles-singapore/,https://sethlui.com/wp-content/uploads/2022/06/IMG_2019-800x600.jpg
53,,,https://sethlui.com/165-pork-rib-prawn-noodles-singapore/,https://sethlui.com/wp-content/uploads/2022/06/IMG_2034-800x600.jpg
53,,,https://sethlui.com/58-prawn-noodle-big-prawn-noodle-singapore/,http://sethlui.com/wp-content/uploads/2018/11/58-Prawn-Noodle-11.jpg
54,,,https://sethlui.com/165-pork-rib-prawn-noodles-singapore/,https://sethlui.com/wp-content/uploads/2022/06/IMG_2029-800x600.jpg
54,,,https://sethlui.com/58-prawn-noodle-big-prawn-noodle-singapore/,http://sethlui.com/wp-content/uploads/2018/11/58-Prawn-Noodle-10-800x450.jpg
55,,,https://sethlui.com/165-pork-rib-prawn-noodles-singapore/,https://sethlui.com/wp-content/uploads/2022/06/IMG_2013-800x600.jpg
55,,,https://sethlui.com/58-prawn-noodle-big-prawn-noodle-singapore/,http://sethlui.com/wp-content/uploads/2018/11/58-Prawn-Noodle-1-800x533.jpg
56,,,https://sethlui.com/165-pork-rib-prawn-noodles-singapore/,https://sethlui.com/wp-content/uploads/2022/06/IMG_2015-800x600.jpg
56,,,https://sethlui.com/58-prawn-noodle-big-prawn-noodle-singapore/,http://sethlui.com/wp-content/uploads/2018/11/58-Prawn-Noodle-2.jpg
57,,,https://sethlui.com/165-pork-rib-prawn-noodles-singapore/,https://sethlui.com/wp-content/uploads/2022/06/IMG_1997-800x533.jpg
57,,,https://sethlui.com/58-prawn-noodle-big-prawn-noodle-singapore/,http://sethlui.com/wp-content/uploads/2018/11/58-Prawn-Noodle-3-800x450.jpg
58,,,https://sethlui.com/58-prawn-noodle-big-prawn-noodle-singapore/,http://sethlui.com/wp-content/uploads/2018/11/58-Prawn-Noodle-5.jpg
59,,,https://sethlui.com/58-prawn-noodle-big-prawn-noodle-singapore/,http://sethlui.com/wp-content/uploads/2018/11/58-Prawn-Noodle-4-800x533.jpg
6,,,https://sethlui.com/545-whampoa-prawn-noodles-prawn-noodles-singapore/,http://sethlui.com/wp-content/uploads/2019/05/Whampoa-Prawn-Noodles-6-800x533.jpg
6,,,https://sethlui.com/chin-choon-prawn-noodle-singapore/,https://sethlui.com/wp-content/uploads/2022/10/20210602124438_IMG_1831-800x533.jpg
60,,,https://sethlui.com/58-prawn-noodle-big-prawn-noodle-singapore/,http://sethlui.com/wp-content/uploads/2018/11/58-Prawn-Noodle-6.jpg
61,,,https://sethlui.com/58-prawn-noodle-big-prawn-noodle-singapore/,http://sethlui.com/wp-content/uploads/2018/11/58-Prawn-Noodle-7-800x533.jpg
62,,,https://sethlui.com/58-prawn-noodle-big-prawn-noodle-singapore/,http://sethlui.com/wp-content/uploads/2018/11/58-Prawn-Noodle-8.jpg
63,,,https://sethlui.com/58-prawn-noodle-big-prawn-noodle-singapore/,http://sethlui.com/wp-content/uploads/2018/11/58-Prawn-Noodle-9-800x533.jpg
63,,,https://sethlui.com/celebrities-big-prawn-noodle-singapore/,https://sethlui.com/wp-content/uploads/2022/04/Celebrities-Big-Prawn-Noodle-13.jpg
64,,,https://sethlui.com/58-prawn-noodle-big-prawn-noodle-singapore/,http://sethlui.com/wp-content/uploads/2018/11/58-Prawn-Noodle-12.jpg
64,,,https://sethlui.com/celebrities-big-prawn-noodle-singapore/,https://sethlui.com/wp-content/uploads/2022/04/Celebrities-Big-Prawn-Noodle-14.jpg
65,,,https://sethlui.com/celebrities-big-prawn-noodle-singapore/,https://sethlui.com/wp-content/uploads/2022/04/Celebrities-Big-Prawn-Noodle-10.jpg
66,,,https://sethlui.com/celebrities-big-prawn-noodle-singapore/,https://sethlui.com/wp-content/uploads/2022/04/Celebrities-Big-Prawn-Noodle-08.jpg
67,,,https://sethlui.com/celebrities-big-prawn-noodle-singapore/,https://sethlui.com/wp-content/uploads/2022/04/Celebrities-Big-Prawn-Noodle-04.jpg
68,,,https://sethlui.com/celebrities-big-prawn-noodle-singapore/,https://sethlui.com/wp-content/uploads/2022/04/Celebrities-Big-Prawn-Noodle-06.jpg
69,,,https://sethlui.com/celebrities-big-prawn-noodle-singapore/,https://sethlui.com/wp-content/uploads/2022/04/Celebrities-Big-Prawn-Noodle-07.jpg
7,,,https://sethlui.com/chin-choon-prawn-noodle-singapore/,https://sethlui.com/wp-content/uploads/2022/10/20210602125224_IMG_1857-800x494.jpg
70,,,https://sethlui.com/celebrities-big-prawn-noodle-singapore/,https://sethlui.com/wp-content/uploads/2022/04/Celebrities-Big-Prawn-Noodle-11.jpg
70,,,https://sethlui.com/da-shi-jia-big-prawn-mee-prawn-noodles-singapore/,http://sethlui.com/wp-content/uploads/2018/08/Da-Shi-Jia-Prawn-Noodle-800x533.jpg
71,,,https://sethlui.com/celebrities-big-prawn-noodle-singapore/,https://sethlui.com/wp-content/uploads/2022/04/Celebrities-Big-Prawn-Noodle-02.jpg
71,,,https://sethlui.com/da-shi-jia-big-prawn-mee-prawn-noodles-singapore/,http://sethlui.com/wp-content/uploads/2018/08/Da-Shi-Jia-Prawn-Noodle-8-800x533.jpg
72,,,https://sethlui.com/celebrities-big-prawn-noodle-singapore/,https://sethlui.com/wp-content/uploads/2022/04/Celebrities-Big-Prawn-Noodle-01.jpg
72,,,https://sethlui.com/da-shi-jia-big-prawn-mee-prawn-noodles-singapore/,http://sethlui.com/wp-content/uploads/2018/08/Da-Shi-Jia-Prawn-Noodle-9-800x533.jpg
73,,,https://sethlui.com/celebrities-big-prawn-noodle-singapore/,https://sethlui.com/wp-content/uploads/2022/04/Celebrities-Big-Prawn-Noodle-09.jpg
73,,,https://sethlui.com/da-shi-jia-big-prawn-mee-prawn-noodles-singapore/,http://sethlui.com/wp-content/uploads/2018/08/Da-Shi-Jia-Prawn-Noodle-4-800x533.jpg
74,,,https://sethlui.com/da-shi-jia-big-prawn-mee-prawn-noodles-singapore/,http://sethlui.com/wp-content/uploads/2018/08/Da-Shi-Jia-Prawn-Noodle-2-800x533.jpg
75,,,https://sethlui.com/da-shi-jia-big-prawn-mee-prawn-noodles-singapore/,http://sethlui.com/wp-content/uploads/2018/08/Da-Shi-Jia-Prawn-Noodle-3-800x573.jpg
76,,,https://sethlui.com/da-shi-jia-big-prawn-mee-prawn-noodles-singapore/,http://sethlui.com/wp-content/uploads/2018/08/Da-Shi-Jia-Prawn-Noodle-6-800x533.jpg
77,,,https://sethlui.com/da-shi-jia-big-prawn-mee-prawn-noodles-singapore/,http://sethlui.com/wp-content/uploads/2018/08/Da-Shi-Jia-Prawn-Noodle-10-800x533.jpg
78,,,https://sethlui.com/da-shi-jia-big-prawn-mee-prawn-noodles-singapore/,http://sethlui.com/wp-content/uploads/2018/08/Da-Shi-Jia-Prawn-Noodle-7-800x555.jpg
79,,,https://sethlui.com/da-shi-jia-big-prawn-mee-prawn-noodles-singapore/,http://sethlui.com/wp-content/uploads/2018/08/Da-Shi-Jia-Prawn-Noodle-5-800x531.jpg
8,,,https://sethlui.com/chin-choon-prawn-noodle-singapore/,https://sethlui.com/wp-content/uploads/2022/10/20210602125154_IMG_1852-800x533.jpg
81,,,https://sethlui.com/one-prawn-co-singapore/,https://sethlui.com/wp-content/uploads/2022/03/One-Prawn-Co-14.jpg
82,,,https://sethlui.com/one-prawn-co-singapore/,https://sethlui.com/wp-content/uploads/2022/03/One-Prawn-Co-13.jpg
83,,,https://sethlui.com/one-prawn-co-singapore/,https://sethlui.com/wp-content/uploads/2022/03/One-Prawn-Co-10.jpg
84,,,https://sethlui.com/one-prawn-co-singapore/,https://sethlui.com/wp-content/uploads/2022/03/One-Prawn-Co-2.jpg
85,,,https://sethlui.com/one-prawn-co-singapore/,https://sethlui.com/wp-content/uploads/2022/03/One-Prawn-Co-4.jpg
85,,,https://sethlui.com/sumo-big-prawn-noodle-affordable-lobster-steamboat-singapore/,http://sethlui.com/wp-content/uploads/2018/07/Sumo-Big-Prawn-Noodles-1-e1531907847315-800x512.jpg
86,,,https://sethlui.com/one-prawn-co-singapore/,https://sethlui.com/wp-content/uploads/2022/03/One-Prawn-Co-1.jpg
86,,,https://sethlui.com/sumo-big-prawn-noodle-affordable-lobster-steamboat-singapore/,http://sethlui.com/wp-content/uploads/2018/07/Sumo-Big-Prawn-Noodles-2-800x533.jpg
87,,,https://sethlui.com/one-prawn-co-singapore/,https://sethlui.com/wp-content/uploads/2022/03/One-Prawn-Co-9.jpg
87,,,https://sethlui.com/sumo-big-prawn-noodle-affordable-lobster-steamboat-singapore/,http://sethlui.com/wp-content/uploads/2018/07/Sumo-Big-Prawn-Noodles-5-800x559.jpg
88,,,https://sethlui.com/one-prawn-co-singapore/,https://sethlui.com/wp-content/uploads/2022/03/One-Prawn-Co-8.jpg
88,,,https://sethlui.com/sumo-big-prawn-noodle-affordable-lobster-steamboat-singapore/,http://sethlui.com/wp-content/uploads/2018/07/Sumo-Big-Prawn-Noodles-6-800x533.jpg
89,,,https://sethlui.com/one-prawn-co-singapore/,https://sethlui.com/wp-content/uploads/2022/03/One-Prawn-Co-6.jpg
89,,,https://sethlui.com/sumo-big-prawn-noodle-affordable-lobster-steamboat-singapore/,http://sethlui.com/wp-content/uploads/2018/07/Sumo-Big-Prawn-Noodles-10-800x519.jpg
9,,,https://sethlui.com/chin-choon-prawn-noodle-singapore/,https://sethlui.com/wp-content/uploads/2022/10/20210602125107_IMG_1848-800x533.jpg
90,,,https://sethlui.com/one-prawn-co-singapore/,https://sethlui.com/wp-content/uploads/2022/03/One-Prawn-Co-7.jpg
90,,,https://sethlui.com/sumo-big-prawn-noodle-affordable-lobster-steamboat-singapore/,http://sethlui.com/wp-content/uploads/2018/07/Sumo-Big-Prawn-Noodles-7-800x533.jpg
91,,,https://sethlui.com/one-prawn-co-singapore/,https://sethlui.com/wp-content/uploads/2022/03/One-Prawn-Co-3.jpg
91,,,https://sethlui.com/sumo-big-prawn-noodle-affordable-lobster-steamboat-singapore/,http://sethlui.com/wp-content/uploads/2018/07/Sumo-Big-Prawn-Noodles-3-800x526.jpg
92,,,https://sethlui.com/one-prawn-co-singapore/,https://sethlui.com/wp-content/uploads/2022/03/One-Prawn-Co-12.jpg
92,,,https://sethlui.com/sumo-big-prawn-noodle-affordable-lobster-steamboat-singapore/,http://sethlui.com/wp-content/uploads/2018/07/Sumo-Big-Prawn-Noodles-14-800x533.jpg
93,,,https://sethlui.com/sumo-big-prawn-noodle-affordable-lobster-steamboat-singapore/,http://sethlui.com/wp-content/uploads/2018/07/Sumo-Big-Prawn-Noodles-13-800x533.jpg
94,,,https://sethlui.com/sumo-big-prawn-noodle-affordable-lobster-steamboat-singapore/,http://sethlui.com/wp-content/uploads/2018/07/Sumo-Big-Prawn-Noodles-15-800x533.jpg
95,,,https://sethlui.com/sumo-big-prawn-noodle-affordable-lobster-steamboat-singapore/,http://sethlui.com/wp-content/uploads/2018/07/Sumo-Big-Prawn-Noodles-4-800x533.jpg
96,,,https://sethlui.com/sumo-big-prawn-noodle-affordable-lobster-steamboat-singapore/,http://sethlui.com/wp-content/uploads/2018/07/Sumo-Big-Prawn-Noodles-8-800x533.jpg
98,,,https://sethlui.com/fei-lou-fatt-singapore-feb-2022/,https://sethlui.com/wp-content/uploads/2022/02/Fei-Lou-Fatt_5.jpg
99,,,https://sethlui.com/fei-lou-fatt-singapore-feb-2022/,https://sethlui.com/wp-content/uploads/2022/02/Fei-Lou-Fatt_2.jpg
