source_url,img_url
https://sethlui.com/instant-chicken-rice-pastes-food-showdown-singapore/,https://sethlui.com/wp-content/uploads/2020/08/Chicken-Rice-Pastes-10.jpg
https://sethlui.com/xing-yun-hainanese-boneless-chicken-rice-singapore/,https://sethlui.com/wp-content/uploads/2022/09/IMG_20220916_170059_409-800x600.jpg
https://sethlui.com/169-hainanese-chicken-rice-singapore/,https://sethlui.com/wp-content/uploads/2021/05/169-Hainanese-Chicken-Rice-3.jpg
https://sethlui.com/cluck-republic-singapore-mar-2021/,https://sethlui.com/wp-content/uploads/2021/03/cluck-republic-1.jpg
https://sethlui.com/cluck-republic-singapore-mar-2021/,https://sethlui.com/wp-content/uploads/2021/03/cluck-republic-2.jpg
https://sethlui.com/cluck-republic-singapore-mar-2021/,https://sethlui.com/wp-content/uploads/2021/03/cluck-republic-5.jpg
https://sethlui.com/cluck-republic-singapore-mar-2021/,https://sethlui.com/wp-content/uploads/2021/03/cluck-republic-3.jpg
https://sethlui.com/instant-chicken-rice-pastes-food-showdown-singapore/,https://sethlui.com/wp-content/uploads/2020/08/Chicken-Rice-Pastes-11.jpg
https://sethlui.com/xing-yun-hainanese-boneless-chicken-rice-singapore/,https://sethlui.com/wp-content/uploads/2022/09/IMG_20220916_170006_960-800x600.jpg
https://sethlui.com/instant-chicken-rice-pastes-food-showdown-singapore/,https://sethlui.com/wp-content/uploads/2020/08/Chicken-Rice-Paste-Chng-Kees-4.jpg
https://sethlui.com/xing-yun-hainanese-boneless-chicken-rice-singapore/,https://sethlui.com/wp-content/uploads/2022/09/IMG_20220916_170024_023-800x600.jpg
https://sethlui.com/daily-green-singapore/,https://sethlui.com/wp-content/uploads/2021/02/Daily-Green-4.jpg
https://sethlui.com/tong-kee-chicken-rice-singapore/,https://sethlui.com/wp-content/uploads/2022/10/WhatsApp-Image-2022-10-10-at-4.37.51-PM-5-800x600.jpeg
https://sethlui.com/instant-chicken-rice-pastes-food-showdown-singapore/,https://sethlui.com/wp-content/uploads/2020/08/Chicken-Rice-Pastes-2.jpg
https://sethlui.com/instant-chicken-rice-pastes-food-showdown-singapore/,https://sethlui.com/wp-content/uploads/2020/08/Chicken-Rice-Pastes-3.jpg
https://sethlui.com/instant-chicken-rice-pastes-food-showdown-singapore/,https://sethlui.com/wp-content/uploads/2020/08/Chicken-Rice-Paste-Fairprice-2.jpg
https://sethlui.com/instant-chicken-rice-pastes-food-showdown-singapore/,https://sethlui.com/wp-content/uploads/2020/08/Chicken-Rice-Paste-Chng-Kees.jpg
https://sethlui.com/instant-chicken-rice-pastes-food-showdown-singapore/,https://sethlui.com/wp-content/uploads/2020/08/Chicken-Rice-Pastes-5.jpg
https://sethlui.com/choon-yien-chicken-rice-malaysia/,https://sethlui.com/wp-content/uploads/2022/09/Choon-Yien-Image-5-800x408.jpg
https://sethlui.com/instant-chicken-rice-pastes-food-showdown-singapore/,https://sethlui.com/wp-content/uploads/2020/08/Chicken-Rice-Paste-Prima-Taste-2.jpg
https://sethlui.com/choon-yien-chicken-rice-malaysia/,https://sethlui.com/wp-content/uploads/2022/09/Choon-Yien-Image-1-800x498.jpg
https://sethlui.com/instant-chicken-rice-pastes-food-showdown-singapore/,https://sethlui.com/wp-content/uploads/2020/08/Chicken-Rice-Pastes-6.jpg
https://sethlui.com/choon-yien-chicken-rice-malaysia/,https://sethlui.com/wp-content/uploads/2022/09/Choon-Yien-Image-6-800x375.jpg
https://sethlui.com/instant-chicken-rice-pastes-food-showdown-singapore/,https://sethlui.com/wp-content/uploads/2020/08/Chicken-Rice-Pastes-7.jpg
https://sethlui.com/choon-yien-chicken-rice-malaysia/,https://sethlui.com/wp-content/uploads/2022/09/Choon-Yien-Image-2-800x379.jpg
https://sethlui.com/instant-chicken-rice-pastes-food-showdown-singapore/,https://sethlui.com/wp-content/uploads/2020/08/Chicken-Rice-Paste-Singlong-2.jpg
https://sethlui.com/choon-yien-chicken-rice-malaysia/,https://sethlui.com/wp-content/uploads/2022/09/Choon-Yien-Image-3-800x506.jpg
https://sethlui.com/instant-chicken-rice-pastes-food-showdown-singapore/,https://sethlui.com/wp-content/uploads/2020/08/Chicken-Rice-Pastes-8.jpg
https://sethlui.com/daily-green-singapore/,https://sethlui.com/wp-content/uploads/2021/02/Daily-Green-7.jpg
https://sethlui.com/tong-kee-chicken-rice-singapore/,https://sethlui.com/wp-content/uploads/2022/10/tongkee6-800x420.jpg
https://sethlui.com/choon-yien-chicken-rice-malaysia/,https://sethlui.com/wp-content/uploads/2022/09/Choon-Yien-Image-4-800x476.jpg
https://sethlui.com/instant-chicken-rice-pastes-food-showdown-singapore/,https://sethlui.com/wp-content/uploads/2020/08/Chicken-Rice-Pastes-9.jpg
https://sethlui.com/choon-yien-chicken-rice-malaysia/,https://sethlui.com/wp-content/uploads/2022/09/Choon-Yien-Image-7-800x375.jpg
https://sethlui.com/instant-chicken-rice-pastes-food-showdown-singapore/,https://sethlui.com/wp-content/uploads/2020/08/Chicken-Rice-Paste-Woh-Hup-5.jpg
https://sethlui.com/green-chilli-chicken-rice-singapore/,https://sethlui.com/wp-content/uploads/2020/08/Green-chilli-chicken-rice-1.jpg
https://sethlui.com/restaurant-all-family-malaysia/,https://sethlui.com/wp-content/uploads/2022/09/Restaurant-All-Family-Image-7-800x469.jpg
https://sethlui.com/green-chilli-chicken-rice-singapore/,https://sethlui.com/wp-content/uploads/2020/08/Green-chilli-chicken-rice-2.jpg
https://sethlui.com/restaurant-all-family-malaysia/,https://sethlui.com/wp-content/uploads/2022/09/Restaurant-All-Family-Image-6-800x378.jpg
https://sethlui.com/green-chilli-chicken-rice-singapore/,https://sethlui.com/wp-content/uploads/2020/08/Green-chilli-chicken-rice-6.jpg
https://sethlui.com/restaurant-all-family-malaysia/,https://sethlui.com/wp-content/uploads/2022/09/Restaurant-All-Family-Image-5-800x421.jpg
https://sethlui.com/daily-green-singapore/,https://sethlui.com/wp-content/uploads/2021/02/Daily-Green-3.jpg
https://sethlui.com/tong-kee-chicken-rice-singapore/,https://sethlui.com/wp-content/uploads/2022/10/WhatsApp-Image-2022-10-10-at-4.37.51-PM-6-800x600.jpeg
https://sethlui.com/green-chilli-chicken-rice-singapore/,https://sethlui.com/wp-content/uploads/2020/08/Green-chilli-chicken-rice-7.jpg
https://sethlui.com/restaurant-all-family-malaysia/,https://sethlui.com/wp-content/uploads/2022/09/Restaurant-All-Family-Image-1-800x378.jpg
https://sethlui.com/green-chilli-chicken-rice-singapore/,https://sethlui.com/wp-content/uploads/2020/08/Green-chilli-chicken-rice-8.jpg
https://sethlui.com/restaurant-all-family-malaysia/,https://sethlui.com/wp-content/uploads/2022/09/Restaurant-All-Family-Image-2-800x520.jpg
https://sethlui.com/green-chilli-chicken-rice-singapore/,https://sethlui.com/wp-content/uploads/2020/08/Green-chilli-chicken-rice-5.jpg
https://sethlui.com/restaurant-all-family-malaysia/,https://sethlui.com/wp-content/uploads/2022/09/Restaurant-All-Family-Image-3-800x379.jpg
https://sethlui.com/green-chilli-chicken-rice-singapore/,https://sethlui.com/wp-content/uploads/2020/08/Green-chilli-chicken-rice-9.jpg
https://sethlui.com/restaurant-all-family-malaysia/,https://sethlui.com/wp-content/uploads/2022/09/Restaurant-All-Family-Image-4-800x480.jpg
https://sethlui.com/restaurant-all-family-malaysia/,https://sethlui.com/wp-content/uploads/2022/09/Restaurant-All-Family-Image-8-800x341.jpg
https://sethlui.com/wee-nam-kee-hainanese-chicken-rice-flavoured-pretz-singapore-aug-2020/,https://sethlui.com/wp-content/uploads/2020/08/Wee-Nam-Kee-Chicken-Rice-Pretz-Online-1.jpg
https://sethlui.com/tong-kee-chicken-rice-singapore/,https://sethlui.com/wp-content/uploads/2022/10/tongkee8-800x420.jpg
https://sethlui.com/lek-kii-chicken-rice-malaysia/,https://sethlui.com/wp-content/uploads/2022/08/Lek-Kii-Image-1-1-800x451.jpg
https://sethlui.com/wee-nam-kee-hainanese-chicken-rice-flavoured-pretz-singapore-aug-2020/,https://sethlui.com/wp-content/uploads/2020/08/Wee-Nam-Kee-Chicken-Rice-Pretz-Online-3.jpg
https://sethlui.com/lek-kii-chicken-rice-malaysia/,https://sethlui.com/wp-content/uploads/2022/08/Lek-Kii-Image-2-800x430.jpg
https://sethlui.com/lek-kii-chicken-rice-malaysia/,https://sethlui.com/wp-content/uploads/2022/08/Lek-Kii-Image-6-800x379.jpg
https://sethlui.com/lek-kii-chicken-rice-malaysia/,https://sethlui.com/wp-content/uploads/2022/08/Lek-Kii-Image-5-1-800x467.jpg
https://sethlui.com/lek-kii-chicken-rice-malaysia/,https://sethlui.com/wp-content/uploads/2022/08/Lek-Kii-Image-4-800x560.jpg
https://sethlui.com/lek-kii-chicken-rice-malaysia/,https://sethlui.com/wp-content/uploads/2022/08/Lek-Kii-Image-7-800x418.jpg
https://sethlui.com/lek-kii-chicken-rice-malaysia/,https://sethlui.com/wp-content/uploads/2022/08/Lek-Kii-Image-8-800x472.jpg
https://sethlui.com/ok-chicken-rice-national-day-singapore-july-2020/,https://sethlui.com/wp-content/uploads/2020/07/Ok_Chicken_Rice_Online_2.jpg
https://sethlui.com/ok-chicken-rice-national-day-singapore-july-2020/,https://sethlui.com/wp-content/uploads/2020/07/Ok_Chicken_Rice_Online_4.jpg
https://sethlui.com/ok-chicken-rice-national-day-singapore-july-2020/,https://sethlui.com/wp-content/uploads/2020/07/Ok_Chicken_Rice_Online_3.jpg
https://sethlui.com/tong-kee-chicken-rice-singapore/,https://sethlui.com/wp-content/uploads/2022/10/WhatsApp-Image-2022-10-10-at-4.37.50-PM-2-800x600.jpeg
https://sethlui.com/hong-kong-taste-1975-malaysia/,https://sethlui.com/wp-content/uploads/2022/08/Hong-Kong-Taste-1975-Image-1-800x341.jpg
https://sethlui.com/hong-kong-taste-1975-malaysia/,https://sethlui.com/wp-content/uploads/2022/08/Hong-Kong-Taste-1975-Image-2-1-800x415.jpg
https://sethlui.com/hong-kong-taste-1975-malaysia/,https://sethlui.com/wp-content/uploads/2022/08/Hong-Kong-Taste-1975-Image-3-800x379.jpg
https://sethlui.com/new-teck-kee-giant-truffle-chicken-rice-singapore-july-2020/,https://sethlui.com/wp-content/uploads/2020/07/New-Teck-Kee-Giant-Truffle-Chicken-Rice-1.jpg
https://sethlui.com/hong-kong-taste-1975-malaysia/,https://sethlui.com/wp-content/uploads/2022/08/Hong-Kong-Taste-1975-Image-6-800x442.jpg
https://sethlui.com/new-teck-kee-giant-truffle-chicken-rice-singapore-july-2020/,https://sethlui.com/wp-content/uploads/2020/07/New-Teck-Kee-Giant-Truffle-Chicken-Rice-3.jpg
https://sethlui.com/hong-kong-taste-1975-malaysia/,https://sethlui.com/wp-content/uploads/2022/08/Hong-Kong-Taste-1975-Image-4-1-800x378.jpg
https://sethlui.com/new-teck-kee-giant-truffle-chicken-rice-singapore-july-2020/,https://sethlui.com/wp-content/uploads/2020/07/New-Teck-Kee-Giant-Truffle-Chicken-Rice-4.jpg
https://sethlui.com/hong-kong-taste-1975-malaysia/,https://sethlui.com/wp-content/uploads/2022/08/Hong-Kong-Taste-1975-Image-5-800x378.jpg
https://sethlui.com/hong-kong-taste-1975-malaysia/,https://sethlui.com/wp-content/uploads/2022/08/Hong-Kong-Taste-1975-Image-7-800x398.jpg
https://sethlui.com/nan-xiang-chicken-rice-singapore/,http://sethlui.com/wp-content/uploads/2020/04/Nan-Xiang-Chicken-Rice-1.jpg
https://sethlui.com/best-chicken-rice-spots-kuala-lumpur-petaling-jaya-malaysia/,https://sethlui.com/wp-content/uploads/2022/07/Chicken-Rice-2-800x421.jpg
https://sethlui.com/nan-xiang-chicken-rice-singapore/,http://sethlui.com/wp-content/uploads/2020/04/Nan-Xiang-Chicken-Rice-2.jpg
https://sethlui.com/best-chicken-rice-spots-kuala-lumpur-petaling-jaya-malaysia/,https://sethlui.com/wp-content/uploads/2022/07/Chicken-rice-5-800x445.jpg
https://sethlui.com/nan-xiang-chicken-rice-singapore/,http://sethlui.com/wp-content/uploads/2020/04/Nan-Xiang-Chicken-Rice-11.jpg
https://sethlui.com/best-chicken-rice-spots-kuala-lumpur-petaling-jaya-malaysia/,https://sethlui.com/wp-content/uploads/2022/08/Cantonz-Image-7-800x419.jpg
https://sethlui.com/nan-xiang-chicken-rice-singapore/,http://sethlui.com/wp-content/uploads/2020/04/Nan-Xiang-Chicken-Rice-10.jpg
https://sethlui.com/best-chicken-rice-spots-kuala-lumpur-petaling-jaya-malaysia/,https://sethlui.com/wp-content/uploads/2022/08/Cantonz-Image-2-800x379.jpg
https://sethlui.com/nan-xiang-chicken-rice-singapore/,http://sethlui.com/wp-content/uploads/2020/04/Nan-Xiang-Chicken-Rice-14.jpg
https://sethlui.com/best-chicken-rice-spots-kuala-lumpur-petaling-jaya-malaysia/,https://sethlui.com/wp-content/uploads/2022/08/Hong-Kong-Taste-1975-Image-2-800x415.jpg
https://sethlui.com/nan-xiang-chicken-rice-singapore/,http://sethlui.com/wp-content/uploads/2020/04/Nan-Xiang-Chicken-Rice-15.jpg
https://sethlui.com/best-chicken-rice-spots-kuala-lumpur-petaling-jaya-malaysia/,https://sethlui.com/wp-content/uploads/2022/08/Hong-Kong-Taste-1975-Image-4-800x378.jpg
https://sethlui.com/nan-xiang-chicken-rice-singapore/,http://sethlui.com/wp-content/uploads/2020/04/Nan-Xiang-Chicken-Rice-16.jpg
https://sethlui.com/best-chicken-rice-spots-kuala-lumpur-petaling-jaya-malaysia/,https://sethlui.com/wp-content/uploads/2022/08/Lek-Kii-Image-1-800x451.jpg
https://sethlui.com/nan-xiang-chicken-rice-singapore/,http://sethlui.com/wp-content/uploads/2020/04/Nan-Xiang-Chicken-Rice-17.jpg
https://sethlui.com/best-chicken-rice-spots-kuala-lumpur-petaling-jaya-malaysia/,https://sethlui.com/wp-content/uploads/2022/08/Lek-Kii-Image-5-800x467.jpg
https://sethlui.com/nan-xiang-chicken-rice-singapore/,http://sethlui.com/wp-content/uploads/2020/04/Nan-Xiang-Chicken-Rice-18.jpg
https://sethlui.com/best-chicken-rice-spots-kuala-lumpur-petaling-jaya-malaysia/,https://sethlui.com/wp-content/uploads/2022/08/Wong-Mei-Kee-2-800x443.jpg
https://sethlui.com/best-chicken-rice-spots-kuala-lumpur-petaling-jaya-malaysia/,https://sethlui.com/wp-content/uploads/2022/08/Wong-Mei-Kee-800x467.jpg
https://sethlui.com/best-chicken-rice-spots-kuala-lumpur-petaling-jaya-malaysia/,https://sethlui.com/wp-content/uploads/2022/08/Loke-Yun-800x534.jpg
https://sethlui.com/best-chicken-rice-spots-kuala-lumpur-petaling-jaya-malaysia/,https://sethlui.com/wp-content/uploads/2022/08/Loke-Yun-2-800x352.jpg
https://sethlui.com/best-chicken-rice-spots-kuala-lumpur-petaling-jaya-malaysia/,https://sethlui.com/wp-content/uploads/2022/08/Kam-Kee-2-800x600.jpg
https://sethlui.com/best-chicken-rice-spots-kuala-lumpur-petaling-jaya-malaysia/,https://sethlui.com/wp-content/uploads/2022/08/Kam-Kee-800x600.jpg
https://sethlui.com/qi-lin-xuan-chicken-rice-ball-singapore/,http://sethlui.com/wp-content/uploads/2020/04/qi-lin-xuan-chicken-rice.jpg
https://sethlui.com/best-chicken-rice-spots-kuala-lumpur-petaling-jaya-malaysia/,https://sethlui.com/wp-content/uploads/2022/08/satellite-33-2-800x450.jpg
https://sethlui.com/qi-lin-xuan-chicken-rice-ball-singapore/,http://sethlui.com/wp-content/uploads/2020/04/qi-lin-xuan-chicken-rice-5.jpg
https://sethlui.com/best-chicken-rice-spots-kuala-lumpur-petaling-jaya-malaysia/,https://sethlui.com/wp-content/uploads/2022/08/satellite-33-800x450.jpg
https://sethlui.com/qi-lin-xuan-chicken-rice-ball-singapore/,http://sethlui.com/wp-content/uploads/2020/04/qi-lin-xuan-chicken-rice-2.jpg
